MCS,simSNR,BLER,SNR_0p1BLER
0,"-6, -5.75, -5.5, -5.25, -5, -4.75, -4.5, -4.25, -4, -3.75","1, 1, 1, 0.9971, 0.9504, 0.712, 0.298, 0.0486, 0.0034, 0.0002",-4.3
1,"-3.5, -3.25, -3, -2.75, -2.5, -2.25, -2, -1.75, -1.5, -1.25, -1, -0.75, -0.5, -0.25, 0, 0.25, 0.5","0.9999, 0.999, 0.9461, 0.5968, 0.1306, 0.0059, 0.0002, 0, 0, 0, 0, 0, 0, 0, 0, 0, 0",-2.44
2,"-1.5, -1.25, -1, -0.75, -0.5, -0.25, 0, 0.25, 0.5, 0.75, 1, 1.25, 1.5","1, 0.9999, 0.9853, 0.6928, 0.1207, 0.0032, 0, 0, 0, 0, 0, 0, 0",-0.46
3,"-0.5, -0.25, 0, 0.25, 0.5, 0.75, 1, 1.25, 1.5, 1.75, 2, 2.25, 2.5, 2.75, 3","1, 1, 1, 1, 1, 0.9911, 0.688, 0.0789, 0.0006, 0, 0, 0, 0, 0, 0",1.24
4,"1.5, 1.75, 2, 2.25, 2.5, 2.75, 3, 3.25, 3.5, 3.75, 4, 4.25, 4.5","1, 1, 1, 1, 0.9704, 0.4116, 0.009, 0.0001, 0, 0, 0, 0, 0",2.94
5,"3.5, 3.75, 4, 4.25, 4.5, 4.75, 5, 5.25, 5.5, 5.75, 6, 6.25, 6.5","1, 1, 1, 0.9999, 0.9213, 0.226, 0.002, 0, 0, 0, 0, 0, 0",4.89
6,"4.5, 4.75, 5, 5.25, 5.5, 5.75, 6, 6.25, 6.5, 6.75, 7, 7.25, 7.5","1, 1, 1, 0.996, 0.6353, 0.0305, 0, 0, 0, 0, 0, 0, 0",5.72
7,"5, 5.25, 5.5, 5.75, 6, 6.25, 6.5, 6.75, 7, 7.25, 7.5, 7.75, 8, 8.25, 8.5","1, 1, 1, 1, 1, 0.9988, 0.814, 0.1546, 0.004, 0, 0, 0, 0, 0, 0",6.84
8,"6, 6.25, 6.5, 6.75, 7, 7.25, 7.5, 7.75, 8, 8.25, 8.5, 8.75, 9, 9.25, 9.5","1, 1, 1, 1, 1, 0.9449, 0.3053, 0.0113, 0.0001, 0, 0, 0, 0, 0, 0",7.67
9,"6.75, 7, 7.25, 7.5, 7.75, 8, 8.25, 8.5, 8.75, 9, 9.25, 9.5, 9.75","1, 1, 1, 1, 1, 1, 0.9564, 0.3122, 0.0081, 0, 0, 0, 0",8.67
10,"7.75, 8, 8.25, 8.5, 8.75, 9, 9.25, 9.5, 9.75, 10, 10.25, 10.5","1, 1, 1, 1, 0.9985, 0.6914, 0.049, 0.0001, 0, 0, 0, 0",9.23
11,"9, 9.25, 9.5, 9.75, 10, 10.25, 10.5, 10.75, 11, 11.25, 11.5, 11.75","1, 1, 1, 1, 0.9943, 0.636, 0.0592, 0.0006, 0, 0, 0, 0",10.48
12,"10, 10.25, 10.5, 10.75, 11, 11.25, 11.5, 11.75, 12, 12.25, 12.5, 12.75","1, 1, 1, 1, 0.9972, 0.696, 0.0655, 0.0004, 0, 0, 0, 0",11.49
13,"11, 11.25, 11.5, 11.75, 12, 12.25, 12.5, 12.75, 13, 13.25, 13.5, 13.75, 14","1, 1, 1, 0.9998, 0.9012, 0.1876, 0.0036, 0, 0, 0, 0, 0, 0",12.37
14,"11.5, 11.75, 12, 12.25, 12.5, 12.75, 13, 13.25, 13.5, 13.75, 14, 14.25, 14.5","1, 1, 1, 1, 1, 1, 0.9343, 0.278, 0.0114, 0.0002, 0, 0, 0",13.42
15,"12.5, 12.75, 13, 13.25, 13.5, 13.75, 14, 14.25, 14.5, 14.75, 15, 15.25","1, 1, 1, 1, 1, 1, 0.955, 0.3204, 0.0125, 0.0001, 0, 0",14.43
16,"13.5, 13.75, 14, 14.25, 14.5, 14.75, 15, 15.25, 15.5, 15.75, 16, 16.25, 16.5","1, 1, 1, 1, 0.9992, 0.7857, 0.1174, 0.0034, 0, 0, 0, 0, 0",15.04
17,"14.5, 14.75, 15, 15.25, 15.5, 15.75, 16, 16.25, 16.5, 16.75, 17, 17.25, 17.5","1, 1, 1, 1, 0.9994, 0.7538, 0.0906, 0.0011, 0, 0, 0, 0, 0",16
18,"15, 15.25, 15.5, 15.75, 16, 16.25, 16.5, 16.75, 17, 17.25, 17.5, 17.75, 18, 18.25, 18.5","1, 1, 1, 1, 1, 1, 0.9988, 0.675, 0.061, 0.0004, 0.0001, 0.0001, 0, 0, 0",16.98
19,"16.25, 16.5, 16.75, 17, 17.25, 17.5, 17.75, 18, 18.25, 18.5, 18.75, 19, 19.25, 19.5","1, 1, 1, 1, 1, 0.9998, 0.809, 0.1112, 0.0016, 0, 0, 0, 0, 0",18.03
20,"17.5, 17.75, 18, 18.25, 18.5, 18.75, 19, 19.25, 19.5, 19.75, 20, 20.25, 20.5, 20.75","1, 1, 1, 1, 1, 0.9914, 0.5867, 0.0698, 0.0018, 0, 0, 0, 0, 0",19.24
21,"18, 18.25, 18.5, 18.75, 19, 19.25, 19.5, 19.75, 20, 20.25, 20.5, 20.75","1, 1, 1, 1, 1, 0.9995, 0.8567, 0.1959, 0.0089, 0.0001, 0, 0",19.88
22,"19.5, 19.75, 20, 20.25, 20.5, 20.75, 21, 21.25, 21.5, 21.75, 22, 22.25","1, 1, 1, 0.9965, 0.6565, 0.0834, 0.0013, 0, 0, 0, 0, 0",20.74
23,"20.5, 20.75, 21, 21.25, 21.5, 21.75, 22, 22.25, 22.5, 22.75, 23, 23.25, 23.5","1, 1, 1, 0.9638, 0.41, 0.0385, 0.0017, 0.0001, 0, 0, 0, 0, 0",21.71
24,"21, 21.25, 21.5, 21.75, 22, 22.25, 22.5, 22.75, 23, 23.25, 23.5, 23.75, 24","1, 1, 1, 1, 1, 1, 0.9559, 0.3639, 0.024, 0.0005, 0, 0, 0",22.94
25,"22.5, 22.75, 23, 23.25, 23.5, 23.75, 24, 24.25, 24.5, 24.75, 25, 25.25","1, 1, 0.9983, 0.7021, 0.0958, 0.0023, 0, 0, 0, 0, 0, 0",23.5
26,"23, 23.25, 23.5, 23.75, 24, 24.25, 24.5, 24.75, 25, 25.25, 25.5, 25.75","1, 1, 1, 1, 1, 1, 0.9912, 0.5661, 0.0659, 0.0019, 0, 0",24.98
27,"24.5, 24.75, 25, 25.25, 25.5, 25.75, 26, 26.25, 26.5, 26.75, 27, 27.25, 27.5, 27.75, 28","1, 1, 1, 1, 0.9947, 0.7234, 0.1426, 0.0089, 0, 0, 0, 0, 0, 0, 0",26.08
